{
  "project_info": {
    "project_number": "609220108016",
    "firebase_url": "https://uas2-e8675.firebaseio.com",
    "project_id": "uas2-e8675",
    "storage_bucket": "uas2-e8675.appspot.com"
  },
  "client": [
    {
      "client_info": {
        "mobilesdk_app_id": "1:609220108016:android:31710f12a2c6c8b2782c35",
        "android_client_info": {
          "package_name": "com.example.iriztechno"
        }
      },
      "oauth_client": [
        {
          "client_id": "609220108016-b9aq65u1q3unoqqu0jbflq7qu6tmv0p4.apps.googleusercontent.com",
          "client_type": 3
        }
      ],
      "api_key": [
        {
          "current_key": "AIzaSyBLXonjynvLvCpUOXX44VcM2KnrNTvvnoM"
        }
      ],
      "services": {
        "appinvite_service": {
          "other_platform_oauth_client": [
            {
              "client_id": "609220108016-b9aq65u1q3unoqqu0jbflq7qu6tmv0p4.apps.googleusercontent.com",
              "client_type": 3
            }
          ]
        }
      }
    }
  ],
  "configuration_version": "1"
}